<?xml version="1.0" encoding="UTF-8"?>
<beans:beans xmlns="http://www.springframework.org/schema/security"
	xmlns:beans="http://www.springframework.org/schema/beans" 
	xmlns:xsi="http://www.w3.org/2001/XMLSchema-instance"
	xsi:schemaLocation="http://www.springframework.org/schema/beans
	http://www.springframework.org/schema/beans/spring-beans-3.1.xsd
	http://www.springframework.org/schema/security
	http://www.springframework.org/schema/security/spring-security-3.1.xsd">
	<beans:bean id="ds" class="org.springframework.jdbc.datasource.DriverManagerDataSource">
<beans:property name="driverClassName" value="oracle.jdbc.driver.OracleDriver"/>
<beans:property name="url" value="jdbc:oracle:thin:@10.1.50.198:1521:orcl"/>
<beans:property name="username" value="sh"/>
<beans:property name="password" value="sh"/>
</beans:bean>
	<http auto-config="true">
	<intercept-url pattern="/loginform" access="IS_AUTHENTICATED_ANONYMOUSLY"/>
	<intercept-url pattern="/loginfailure" access="IS_AUTHENTICATED_ANONYMOUSLY"/>
	<intercept-url pattern="/Registration" access="IS_AUTHENTICATED_ANONYMOUSLY"/>
	<intercept-url pattern="/saveUser" access="IS_AUTHENTICATED_ANONYMOUSLY"/>
	<intercept-url pattern="/**" access="ROLE_MAKER"/>
	<form-login login-page="/loginform" authentication-failure-url="/loginfailure"/>
	<!-- <http-basic/> -->
	</http>
  <beans:bean id="pencoder" class="org.springframework.security.crypto.bcrypt.BCryptPasswordEncoder"/>	
	
	
	
	<authentication-manager>
	<authentication-provider>
	<password-encoder ref="pencoder"/>
	<!-- <user-service>
	
	<user name="user01" password="$2a$10$jRWgYdWD6k6FYTkNh2cjBO46hPjA5cUXDXSvZVSTYM6iDkLMt/rYi" authorities="ROLE_MAKER"/>
	<user name="user02" password="user02" authorities="ROLE_CHECKER"/>
	</user-service>  -->
	
	 <jdbc-user-service data-source-ref="ds" users-by-username-query="select userid,pass,check_enable from cust121 where userid=?" authorities-by-username-query="select u.userid,a.user_role from authorities121 a,cust121 u where u.userid=a.userid and u.userid=?"/>
	</authentication-provider>
	</authentication-manager>
	
	</beans:beans>