<beans:beans xmlns="http://www.springframework.org/schema/security"
	xmlns:beans="http://www.springframework.org/schema/beans" 
	xmlns:xsi="http://www.w3.org/2001/XMLSchema-instance"
	xsi:schemaLocation="http://www.springframework.org/schema/beans
	http://www.springframework.org/schema/beans/spring-beans-3.1.xsd
	http://www.springframework.org/schema/security
	http://www.springframework.org/schema/security/spring-security-3.1.xsd">
	<http auto-config="true">
	<intercept-url pattern="/loginform" access="IS_AUTHENTICATED_ANONYMOUSLY"/>
	<intercept-url pattern="/loginfailure" access="IS_AUTHENTICATED_ANONYMOUSLY"/>
	<intercept-url pattern="/**" access="ROLE_MAKER"/>
	<form-login login-page="/loginform" authentication-failure-url="/loginfailure"/>
	<!-- <http-basic/> -->
	</http>
	<authentication-manager>
	<authentication-provider>
	<user-service>
	<user name="user01" password="user01" authorities="ROLE_MAKER"/>
	<user name="user02" password="user02" authorities="ROLE_CHECKER"/>
	</user-service>
	<!-- <jdbc-user-service data-source-ref="ds" users-by-username-query="" authorities-by-username-query=""/> -->
	</authentication-provider>
	</authentication-manager>
	
	</beans:beans>